cluster,n_stops,total_passengers,avg_passengers,centroid_x,centroid_y
0,123,10901,88.6260162601626,3.0133715680828415,6.993012385664362
1,52,4057,78.01923076923077,5.97429656806038,2.448414948266657
2,99,10305,104.0909090909091,7.556744261143546,6.035576964161134
3,26,1254,48.23076923076923,2.727954248268143,7.078495199160515
